student_id,student_name,date,status
101,Student_1,2025-11-03,P
102,Student_2,2025-11-03,P
103,Student_3,2025-11-03,P
104,Student_4,2025-11-03,P
105,Student_5,2025-11-03,P
106,Student_6,2025-11-03,P
107,Student_7,2025-11-03,P
108,Student_8,2025-11-03,P
109,Student_9,2025-11-03,P
110,Student_10,2025-11-03,P
101,Student_1,2025-11-04,P
102,Student_2,2025-11-04,P
103,Student_3,2025-11-04,A
104,Student_4,2025-11-04,P
105,Student_5,2025-11-04,P
106,Student_6,2025-11-04,P
107,Student_7,2025-11-04,A
108,Student_8,2025-11-04,P
109,Student_9,2025-11-04,A
110,Student_10,2025-11-04,P
101,Student_1,2025-11-05,P
102,Student_2,2025-11-05,P
103,Student_3,2025-11-05,P
104,Student_4,2025-11-05,P
105,Student_5,2025-11-05,P
106,Student_6,2025-11-05,P
107,Student_7,2025-11-05,P
108,Student_8,2025-11-05,P
109,Student_9,2025-11-05,P
110,Student_10,2025-11-05,A
101,Student_1,2025-11-06,A
102,Student_2,2025-11-06,P
103,Student_3,2025-11-06,A
104,Student_4,2025-11-06,P
105,Student_5,2025-11-06,P
106,Student_6,2025-11-06,A
107,Student_7,2025-11-06,P
108,Student_8,2025-11-06,P
109,Student_9,2025-11-06,P
110,Student_10,2025-11-06,P
101,Student_1,2025-11-07,P
102,Student_2,2025-11-07,P
103,Student_3,2025-11-07,P
104,Student_4,2025-11-07,P
105,Student_5,2025-11-07,P
106,Student_6,2025-11-07,P
107,Student_7,2025-11-07,A
108,Student_8,2025-11-07,P
109,Student_9,2025-11-07,P
110,Student_10,2025-11-07,P
101,Student_1,2025-11-08,P
102,Student_2,2025-11-08,P
103,Student_3,2025-11-08,P
104,Student_4,2025-11-08,P
105,Student_5,2025-11-08,P
106,Student_6,2025-11-08,P
107,Student_7,2025-11-08,P
108,Student_8,2025-11-08,A
109,Student_9,2025-11-08,P
110,Student_10,2025-11-08,P
101,Student_1,2025-11-09,P
102,Student_2,2025-11-09,P
103,Student_3,2025-11-09,A
104,Student_4,2025-11-09,P
105,Student_5,2025-11-09,P
106,Student_6,2025-11-09,P
107,Student_7,2025-11-09,P
108,Student_8,2025-11-09,P
109,Student_9,2025-11-09,P
110,Student_10,2025-11-09,P
101,Student_1,2025-11-10,P
102,Student_2,2025-11-10,P
103,Student_3,2025-11-10,P
104,Student_4,2025-11-10,P
105,Student_5,2025-11-10,P
106,Student_6,2025-11-10,A
107,Student_7,2025-11-10,P
108,Student_8,2025-11-10,P
109,Student_9,2025-11-10,A
110,Student_10,2025-11-10,P
101,Student_1,2025-11-11,P
102,Student_2,2025-11-11,P
103,Student_3,2025-11-11,P
104,Student_4,2025-11-11,P
105,Student_5,2025-11-11,P
106,Student_6,2025-11-11,P
107,Student_7,2025-11-11,P
108,Student_8,2025-11-11,P
109,Student_9,2025-11-11,P
110,Student_10,2025-11-11,P
101,Student_1,2025-11-12,P
102,Student_2,2025-11-12,P
103,Student_3,2025-11-12,P
104,Student_4,2025-11-12,P
105,Student_5,2025-11-12,P
106,Student_6,2025-11-12,P
107,Student_7,2025-11-12,P
108,Student_8,2025-11-12,P
109,Student_9,2025-11-12,P
110,Student_10,2025-11-12,P
101,Student_1,2025-11-13,P
102,Student_2,2025-11-13,A
103,Student_3,2025-11-13,A
104,Student_4,2025-11-13,P
105,Student_5,2025-11-13,A
106,Student_6,2025-11-13,P
107,Student_7,2025-11-13,P
108,Student_8,2025-11-13,P
109,Student_9,2025-11-13,P
110,Student_10,2025-11-13,P
101,Student_1,2025-11-14,P
102,Student_2,2025-11-14,P
103,Student_3,2025-11-14,P
104,Student_4,2025-11-14,P
105,Student_5,2025-11-14,P
106,Student_6,2025-11-14,P
107,Student_7,2025-11-14,P
108,Student_8,2025-11-14,P
109,Student_9,2025-11-14,P
110,Student_10,2025-11-14,A
